<?xml version="1.0" encoding="UTF-8"?>
<configuration>
	<property name="log.base" value="logs" />
	<!--appender 输出目的地 console 控制台 -->
	<appender name="console" class="ch.qos.logback.core.ConsoleAppender"
		target="System.out">
		<encoder charset="UTF-8">
			<pattern>%date{yyyy-MM-dd HH:mm:ss} [%logger{5}]-[%le] - %m%n</pattern>
		</encoder>
		<target>System.out</target>
	</appender>


	<!--appender 输出目的地 file 文件   -->
	<appender name="file" class="ch.qos.logback.core.rolling.RollingFileAppender">
		<File>${log.base}/mileage.log</File>
		<rollingPolicy class="ch.qos.logback.core.rolling.TimeBasedRollingPolicy">
			<fileNamePattern>${log.base}/mileage-%d{yyyy-MM-dd-HH}.log</fileNamePattern>
		</rollingPolicy>
		<!-- 编码格式解析器 -->
		<encoder>
			<pattern>%date{yyyy-MM-dd HH:mm:ss} [%logger{5}]-[%le] - %m%n</pattern>
		</encoder>
	</appender>

	<root level="DEBUG">
		<appender-ref ref="file" />
		<appender-ref ref="console" />
	</root>

</configuration>